USI Project Database,,,,,,,,,,,,,,,,,,,,,,,,,,,,,,,,
,,,,,,,,,,,,,,,,,,,,,,,,,,,,,,,,
Basic Boiler Plate - USI data,,,,,,,,,,,Location Data,,Team Data,,,,,Approvals Overview,,,,,,,,Approvals Details,,,,,,
Job Number,In Toronto? ,Name,client,Client Type,Centroid Coordinates,Longitude,Latitude,address,Project Type,Project Focus,Municipality/Jurisdiction,Ward (Toronto),USI Team Members,Principal in Charge,Project Manager,Project Start Date,Project End Date,Complete/Approval Year,Approval type(s),Approval Status,Residential Units,Affordable Units (%),Affordable Units,Max. Non-Residential GFA,Min. Non-Residential GFA,Density,Height (m),Height (st),Site Area (m2),By-Law  Number,Most Recent Report,NOTES
19052,TRUE,125 George Street ,DiamondCorp and Alterra GoC,Real Estate Developers,"(-79.3712680, 43.6527298)",43.6527298,-79.3712680,"125 George Street, Toronto, Ontario",,Residential/Mixed Use,Toronto,13,,,,,,2022,OPA and ZBA,Complete,516,1.36,7,5500,2000,10.6,136,39,3697,"OPA (102-2022), ZBA (103-2022)",109-125 George Street and 231 Richmond Street East – Official Plan and Zoning By-law Amendment Application – Final Report,
21009,TRUE,101 Spadina ,Devron,Real Estate Developers,"(-79.3950061, 43.6464978)",43.6464978,-79.3950061,"101 Spadina Avenue, Toronto, Ontario",,Residential,Toronto,10,"Peter Pantalone, Leigh McGrath",Leigh McGrath,Peter Pantalone,2021,2025,2025,ZBA,Complete,452,0,0,N/A,120,16.1,167,50,2178,757-2025,101-105 Spadina Avenue and 363 Adelaide Street West – Zoning By-law Amendment Application – Decision Report – Approval,
16099,TRUE,10 Price Street (Scrivener Square),Tricon Capital Group and Diamond Corp,Real Estate Developers,"(-79.3902855, 43.6802900)",43.6802900,-79.3902855,"10 Price Street, Toronto, Ontario","Development Approvals, Planning Analysis, OLT Appeal, Urban Design Guidelines",Mixed Use,Toronto,11,"Cyndi Rottenberg-Walker, Leigh McGrath, Josh Kohler",Leigh McGrath,Anne Benaroya,2016,2021,2021,"OPA, ZBA",Complete,127,0,0,3300,N/A,,85.4,21,4450,267-2021,LPAT Report,"USI site says 21 storey building, proposal from 2018 but not publicly available"
20043,TRUE,St Mary,Tenblock,Real Estate Developers,"(-79.3871454, 43.6673132)",43.6673132,-79.3871454,"25 St. Mary Street, Toronto, Ontario",,Residential,Toronto,13,,,,N/A ,2023,2023,"OPA, ZBA, Rental Housing Demolition",Complete,1024,4.88,50,N/A,1010,15.42,204 (w) and 194 (e),59 (w) and 54 (e),5212,"OPA (595-2023), ZBA (596-2023)",25 St. Mary Street – 25 St. Mary Street,Projected to set up at least 50 net new replacement affordable rental housing --  think its minimum 16 but im not sure (its in the report)
20061,TRUE,155 Antibes,Tenblock,Real Estate Developers,"(-79.4458818, 43.7821101)",43.7821101,-79.4458818,"155 Antibes Drive, Toronto, Ontario",,Residential,Toronto,6,"Emily Reisman, Christine Fang-Denissov",,,N/A ,2024,2024,ZBA,Complete,1151,0,0,900,N/A,4.46,"115 (a), 103 (b), 35 (c), 50 (d)","36 (a), 32 (b), 8 (c)",19014,879-2024,155 Antibes Dr – Zoning By-law Amendment Application – Decision Report - Approval,no affordable housing mentions anywhere? also need to confirm if building d is the old building
18000,TRUE,Downsivew Secondary Plan,Northcrest Developments and Canada Lands Company,Federal Crown corporation,"(-79.4723534, 43.7464712)",43.7464712,-79.4723534,Downsview Area,Master Plan,Mixed Use,Toronto,6,"Michel Trocme, Frank Lewinberg, Emily Reisman, Christine Fang-Denissov, Lauren Haein An, Andrew Toth, Harshitha Damodaran, Aya Almaddah, Mona Han, Ning Lin, Samuel Lozeau",,,2018,Ongoing,2024,OPA and ZBA,Complete,,,,,,,,,,ZBA (707-2024),"Update Downsview: Secondary Plan, Zoning By-law, Urban Design Guidelines and Master Environmental Servicing Plan - Final Report",how to represent entire area for this ??
05037-5 ,TRUE,1100 Sheppard Avenue West,CentreCourt ,Real Estate Developers,"(-79.4664465, 43.7517928)",43.7517928,-79.4664465,"1100 Sheppard Avenue, Toronto, Ontario",Master Planning,Mixed Use,Toronto,6,Emily Reisman,,,N/A ,2020,2020,OPA and ZBA,Complete,392,0,0,0,0,3.4,45.7,14,4058,"OPA (520-2020), ZBA (521-2020)","«PropAdd1»[Include ALL applicable addresses] – [Official Plan Amendment, Zoning Amendment, Subdivision, [Common Elements] [Vacant Land] Condominium] Application[",
17089,TRUE,250 Dundas (two ZBA applications),Dream Unlimited,Real Estate Developers,"(-79.3896418, 43.6548650)",43.6548650,-79.3896418,"250 Dundas Street West, Toronto, Ontario",,Mixed Use,Toronto,11,"Benjamin Hoff, Inger Squires",Inger Squires,Kiera McMaster,N/A ,Ongoing,2025,OPA and ZBA,Complete,719,2.64,19,N/A,250,19.12,188.25,57,2339,not updated yet -- has been approved,250 Dundas Street West – Official Plan and Zoning By-law Amendment Application – Decision Report – Approval,"by-law has not been published, but it has been approved already in linked report"
20012,TRUE,75 Hanna/Liberty Yards,First Capital Realty (FCR),Real Estate Developers,"(-79.4189436, 43.6399793)",43.6399793,-79.4189436,"75 Hanna Avenue, Toronto, Ontario","Master Planning, Approvals",Mixed Use,Toronto,10,"Cyndi Rottenberg-Walker, Inger Squires, Michel Trocme, Anne Benaroya",Inger Squires,Samantha Anderson,2020,2024,2023,ZBA,Complete,963,3.01,29,N/A,N/A,6.85,17.7 + 113.25 (w) and 125 (e),3 + 32(w) and 36 (e),12129,873-2024,"«PropAdd1»[Include ALL applicable addresses] – [Official Plan Amendment, Zoning Amendment, Subdivision, [Common Elements] [Vacant Land] Condominium] Application[",
19001,TRUE,Union Park (315-325 Front St W) (two ZBA applications) ,Oxford Properties Group,Real Estate Developers,"(-79.3891230, 43.6433640)",43.6433640,-79.3891230,"315 Front Street West, Toronto, Ontario",Development Approvals,Residential/Mixed Use,Toronto,10,Cyndi Rottenberg-Walker,Josh Neubauer,Matthew Whittier,2019,Ongoing,2025,ZBA,Complete,1793,2.67,48,N/A,N/A,17.7,"168, 168, 235, 278","50 (r1), 50 (r2), 71 (r3), 60 (o)",16393,not updated yet -- has been approved,Revised - 315-325 Front Street West – Zoning By-law Amendment Application – Decision Report – Approval,consider making this a multipoint or multipolygon data point
19001,TRUE,Union Park (315-325 Front St W) (two ZBA applications) ,Oxford Properties Group,Real Estate Developers,"(-79.3902670, 43.6432270)",43.6432270,-79.3902670,"325 Front Street West, Toronto, Ontario",Development Approvals,Residential/Mixed Use,Toronto,10,Cyndi Rottenberg-Walker,Josh Neubauer,Matthew Whittier,2019,Ongoing,2025,ZBA,Complete,1793,2.67,48,N/A,N/A,17.7,"168, 168, 235, 278","50 (r1), 50 (r2), 71 (r3), 60 (o)",16393,not updated yet -- has been approved,Revised - 315-325 Front Street West – Zoning By-law Amendment Application – Decision Report – Approval,consider making this a multipoint or multipolygon data point
14081,TRUE,2150 Lakeshore - Christie Cookies Site,"First Capital Realty, Pemberton, Lakeshore Development Inc",Real Estate Developers,"(-79.4799725, 43.6267741)",43.6267741,-79.4799725,"2150 Lakeshore Boulevard West, Toronto, Ontario","Master Planning, Development Approvals, Planning Analysis, Due Diligence Study",Mixed Use,Toronto,3,"Cyndi Rottenberg-Walker , Josh Kohler , Michel Trocme , Yiwen Zhu , Lauren Haein An , Aya Almaddah",Cyndi Rottenberg-Walker,Josh Kohler,2014,Ongoing,2021,Secondary Plan and ZBA,Complete ?,,,,,,,,15 new towers 28-70,,"only report, no bylaw ? ",Final Report - Christie's Planning Study – City-Initiated Secondary Plan & Zoning By-law and Urban Design and Streetscape Guidelines,"no concrete numbers for affordable housing, estimated to go up to 1500 affordable housing units"
??? (archived),TRUE,64 Prince Arthur Avenue,64 Prince Arthur Limited Partnership,Real Estate Developers,"(-79.3993584, 43.6692702)",43.6692702,-79.3993584,"64 Prince Arthur Avenue, Toronto, Ontario",,Mixed Use,Toronto,11,,,,,,2023,ZBA,Complete,94,0,0,36,,5.47,43,13,1211,1144-2023,64 Prince Arthur Avenue – Zoning By-law Amendment Application – Decision Report – Approval,"no site, radio silence since 2023, who worked on this project there have been additional applications since 2023??"
22005,TRUE, OGDC St Dennis,Osmington Gerofsky Development Corp,Real Estate Developers,"(-79.3362448, 43.7160963)",43.7160963,-79.3362448,"7 St Dennis Drive, Toronto, Ontario","Development Approvals, Planning Analysis",Residential,Toronto,16,Benjamin Hoff,Benjamin Hoff,Lauren Haein An,2022,2025,2024,OPA and ZBA,Complete,2536,0,0,N/A,N/A,7.87,"174 (a), 162 (b), 135 (c), 153 (d)","53, 49, 40, 46",38807,"ZBA (49-2025), OPA(50-2025)",7 St Dennis Drive & 10 Grenoble Drive – Official Plan Amendment and Zoning Amendment – Decision Report – Approval,done !!
22013,TRUE,OGDC 350 Bloor East ,Osmington Gerofsky Development Corp,Real Estate Developers,"(-79.3788514, 43.6722918)",43.6722918,-79.3788514,"350 Bloor Street East, Toronto, Ontario","Development Approvals, Planning Analysis",Mixed Use,Toronto ,11,,,,2021,2025,2024,OPA and ZBA,Complete,806,1.98,16,N/A,400,19.41,215,63,2530,"ZBA(599-2025), OPA(600-2025)",350 Bloor Street East – Official Plan and Zoning By-law Amendment Application – Decision Report – Approval,do we want owner or applicant ? or whos website it was obtained from since it says Rogers Communication Inc owns the lot i think
21060,TRUE,Weston Park,Castlepoint Weston Partnership,Real Estate Developers,"(-79.5151872, 43.7000640)",43.7000640,-79.5151872,"1871 Weston Road, Toronto, Ontario","Development Approvals, Consultation and Engagement",Mixed Use,Toronto ,5,"Benjamin Hoff, Josh Reiniger",Benjamin Hoff,Stuart Dow?,2021,2023,2023,OPA and ZBA,Complete,1032,0,0,5300,4800,15.01,"174 (a), 157 (b), and 14 (c)","50 (a), 46 (b), and 1 (c)",4447,"ZBA (1253-2023), OPA (1254-2023) ","1871, 1879, 1885 Weston Road and PIN 10324-0541 – Official Plan Amendment and Zoning By-law Amendment – Decision Report – Approval","some measurements are not quite up to par with the rest of the data, like the 2 storeys of mechanical stuff -- whats the exact height? "
21060,TRUE,Weston Park,Castlepoint Weston Partnership,Real Estate Developers,"(-79.5154838, 43.7001041)",43.7001041,-79.5154838,"1879 Weston Road, Toronto, Ontario","Development Approvals, Consultation and Engagement",Mixed Use,Toronto ,5,"Benjamin Hoff, Josh Reiniger",Benjamin Hoff,Stuart Dow?,2021,2023,2023,OPA and ZBA,Complete,1032,0,0,5300,4800,15.01,"174 (a), 157 (b), and 14 (c)","50 (a), 46 (b), and 1 (c)",4447,"ZBA (1253-2023), OPA (1254-2023) ","1871, 1879, 1885 Weston Road and PIN 10324-0541 – Official Plan Amendment and Zoning By-law Amendment – Decision Report – Approval","some measurements are not quite up to par with the rest of the data, like the 2 storeys of mechanical stuff -- whats the exact height? "
21060,TRUE,Weston Park,Castlepoint Weston Partnership,Real Estate Developers,"(-79.5156786, 43.7001090)",43.7001090,-79.5156786,"1885 Weston Road, Toronto, Ontario","Development Approvals, Consultation and Engagement",Mixed Use,Toronto ,5,"Benjamin Hoff, Josh Reiniger",Benjamin Hoff,Stuart Dow?,2021,2023,2023,OPA and ZBA,Complete,1032,0,0,5300,4800,15.01,"174 (a), 157 (b), and 14 (c)","50 (a), 46 (b), and 1 (c)",4447,"ZBA (1253-2023), OPA (1254-2023) ","1871, 1879, 1885 Weston Road and PIN 10324-0541 – Official Plan Amendment and Zoning By-law Amendment – Decision Report – Approval","some measurements are not quite up to par with the rest of the data, like the 2 storeys of mechanical stuff -- whats the exact height? "
18003,TRUE,Dream 49 Ontario,Dream Unlimited Corp and CentreCourt,Real Estate Developers,"(-79.3660876, 43.6531766)",43.6531766,-79.3660876,"49 Ontario Street, Toronto, Ontario",,Mixed Use,Toronto ,13,Benjamin Hoff,Benjamin Hoff,Benjamin Hoff,N/A ,,2023,ZBA,Complete,1094,0,0,17000,6350,11.6,"153, 140.5, 44.2","44, 39, 11",6953,1299-2023,Microsoft Word - 49 Ontario and 72-94 Berkeley - REVISED.docx,"find out who is working on this and specific measurments (density, height, site area"
20056,TRUE,Hullmark 450 Dufferin,Hullmark,Real Estate Developers,"(-79.4299833, 43.6452977)",43.6452977,-79.4299833,"450 Dufferin Street, Toronto, Ontario",Development Approvals,Mixed Use,Toronto ,9,"Josh Neubauer, Julian Del Bel Belluz",Josh Neubauer,Julian Del Bel Belluz,,,2025,OPA and ZBA,Complete,175,3.42,6,N/A,364,8.4,67,18,1495,"OPA (221-2025), ZBA (254-2025)",450 Dufferin Street – Official Plan and Zoning By-law Amendments – Decision Report – Approval,done !!
22023,TRUE,Don Valley ReConnects,Tercot Communities ,Real Estate Developers,"(-79.3267403, 43.7224243)",43.7224243,-79.3267403,"155 St. Dennis Drive, Toronto, Ontario","Master Planning, Development Approvals ",Residential/Mixed Use,Toronto ,16,"Melaie Hare, Craig Lametti, Desi Simova, Harshitha Damodaran",Melanie Hare,Harshitha Damodaran,,,2025,OPA and ZBA Application Refused ,Pending,,,,,,,,,,OLT-23-001278,155 St Dennis Drive – Ontario Land Tribunal Hearing – Request for Directions,went through OLT and approved? but City Council is appealing the process (2025/11/04)
13012,TRUE,The Well,RioCan and Allied Properties REIT,Real Estate Developers,"(-79.3968332, 43.6424009)",43.6424009,-79.3968332,"486 Front Street West, Toronto, Ontario","Master Planning, Approvals",Commercial/Residential/Mixed Use,Toronto ,10,"Dennis Lago, Geoff Whittager, Frank Lewinberg",,,,,2017,OPA and ZBA,Complete,1537,0,0,N/A,65000,9.5,"168, 156.4, 135.4, 80.4, 61.9, 61.9, 55.3","36, 45, 38, 21, 15, 15, 13",31051,"ZBA(124-2017), OPA (125-2017)","440, 444, 450 and 462 Front Street West; 425, 439, 441 and 443 Wellington Street West; 6-18 Spadina Ave. and 1 and 19 Draper Street - Zoning Amendment – Final Report",centroid of area ? get polygon from somewhere or digitze it
18000-10,TRUE,Downsview West District,Canada Lands Company,Federal Crown corporation,"(-79.4793688, 43.7499423)",43.7499423,-79.4793688,"40 Carl Hall Road, Toronto, Ontario","Master Planning, Approvals",Residential/Mixed Use,Toronto ,6,"Michel Trocme, Emily Reisman, Dennis Lago, Samuel Lozeau, Mona Han, Samantha Anderson, Harshitha Damodaran",Emily Reisman,Samantha Anderson,,,,,,,,,,,,,,,IPR,N/A,"still IPR for approval, nothing concrete yet -- may also use 1377 Sheppard as location for by-law or reports"
17050,TRUE,Commerce Court 191 Bay,QuadReal Property Group,Real Estate Developers,"(-79.3798811, 43.6477327)",43.6477327,-79.3798811,"191 Bay Street, Toronto, Ontario",Master Planning ,Commercial/Residential/Mixed Use,Toronto,13,"Frank Lewinberg, Christine Fang-Denissov",Christine Fang Denissov,Kiera McMaster,,,2019,ZBA,Complete,N/A,N/A,N/A,80000,N/A,,286 and 24,65 and 3,,"1626-2019, 1627-2019",Agenda Item History - 2019.MM12.17,find site specific infomation
18078,TRUE,Cloverdale Mall Master Plan,QuadReal Property Group,Real Estate Developers,"(-79.5552916, 43.6305826)",43.6305826,-79.5552916,"250 The East Mall, Toronto, Ontario","Master Planning, Approvals",Commercial/Residential/Mixed Use,Toronto ,3,"Eric Turcotte, Harshitha Damodaran",Benjamin Hoff,Corals Zheng,,,Has not been approved,OPA and ZBA Under Review,Pending,,,,,,,,8 towers (up to 40 storeys),,N/A,Agenda Item History - 2021.EY23.26,"only had preliminary report and request for community engagement, no approval nor movements since 2021"
20060,TRUE,CF Fairview Mall Intensification,Cadillac Fairview (CF),Real Estate Developers,"(-79.3432322, 43.7778776)",43.7778776,-79.3432322,"1800 Sheppard Avenue East, Toronto, Ontario","Master Planning, Engagement,  Urban Design, Transit-Oriented Development",Commercial/Residential,Toronto ,17,"Eric Turcotte, Leigh McGrath, Mihaly Szabo",Eric Turcotte,Desi Simova,,,2024,OPA,Complete,6200,N/A,N/A,N/A,N/A,2.81,179,14 new buildings from 24-52 storeys,188261,1355-2024,1800 Sheppard Avenue East – Official Plan Amendment – Decision Report – Approval,find centroid of this specific area? as detailed in the attachments on the report for this project
18070,TRUE,Jane Finch Mall Redevelopment,Brad-Jay Investments Ltd.,Real Estate Developers,"(-79.5149534, 43.7565924)",43.7565924,-79.5149534,"1911 Finch Avenue West, Toronto, Ontario","Master Planning, Consultation and Engagement,  Urban Design Guidelines, Development Approvals, Planning Analysis",Commercial/Residential,Toronto ,7,"Craig Lametti, Emily Reisman, Yasmin Afshar",Craig Lametti,Yasmin Afshar,,,2024,OPA and ZBA,Complete,4636,N/A,N/A,N/A,N/A,4.99,"A (138, 148.8), B (145.4, 118.4), C (123.6, 90.7)","A (43, 47), B (45, 36), C (39, 28)",32185,"OPA (611-2024), ZBA (612-2024), ZBA (613-2024)",OPA and ZBA approval report,
22054,TRUE,Bathurst and Bridgman Block,Albar Development Inc. ,Real Estate Developers,"(-79.4147526, 43.6751576)",43.6751576,-79.4147526,"1191 Bathurst Street, Toronto, Ontario","Master Planning, Development Approvals, Engagement",Commercial/Residential,Toronto ,12,"Christine Fang-Denissov, Lauren Haein An, Christie Chin",,,,,2024,ZBA,Complete,,,,,,10.6,"242.4, 228.7, 188, 49.9","70, 64, 55, 12",18240,,Bathurst & Bridgman Block - Urban Strategies,"no further information about future developments -- no ZBA, no OPA, nothing"
21079,TRUE,Quayside,Quayside Impact Limited Partnership,Real Estate Developers,"(-79.3632410, 43.6466171)",43.6466171,-79.3632410,"259 Lake Shore Boulevard, Toronto, Ontario","Master Planning, Approvals, Engagement,  Urban Design",Waterfront,Toronto ,10,"Benjamin Hoff, Anne Benaroya, Dennis Lago, Inger Squires",Benjamin Hoff,Anne Benaroya,,,2024,ZBA,Complete,2811,16.29,458,N/A,N/A,10.62,231,"70, 64, 55, 12",18240,852-2024,"257-259 and 291 Lake Shore Blvd E, 2 Small Street and 200 Queens Quay E (Quayside Blocks 1 & 2) – Zoning By-law Amendment Application – Decision Report – Approval","supposedly there is a 333 lake shore planning approval document -- currently nonexistent, but everything else for "
21079,TRUE,Quayside,Quayside Impact Limited Partnership,Real Estate Developers,"(-79.3597922, 43.6469674)",43.6469674,-79.3597922,"333 Lake Shore Boulevard, Toronto, Ontario","Master Planning, Approvals, Engagement,  Urban Design",Waterfront,Toronto ,10,"Benjamin Hoff, Anne Benaroya, Dennis Lago, Inger Squires",Benjamin Hoff,Anne Benaroya,,,,,,,,,,,,,,,N/A,"257-259 and 291 Lake Shore Blvd E, 2 Small Street and 200 Queens Quay E (Quayside Blocks 1 & 2) – Zoning By-law Amendment Application – Decision Report – Approval","supposedly there is a 333 lake shore planning approval document -- currently nonexistent, but everything else for "
17021,TRUE,Canada Square,Oxford Properties Group,Real Estate Developers,"(-79.3984815, 43.7060136)",43.7060136,-79.3984815,"2200 Yonge Street, Toronto, Ontario","Master Planning,  Development Approvals, Engagement",Residential,Toronto ,12,"Christine Fang-Denissov, Craig Lametti",Christine Fang Denissov,Sara Eng?,,,,,,,,,,,,,,,N/A,Agenda Item History - 2022.PH35.10,no approval reports for the ZBA or OPA (only a preliminary and supplementary report -- how is this not available in city archives ? can't find any relevant information because there is no finalized report with all of the details
20079,TRUE,Under Concord,Concord Adex,Real Estate Developers,"(-79.3978928, 43.6374145)",43.6374145,-79.3978928,"38 Dan Leckie Way, Toronto, Ontario","Development Approvals, Planning Analysis, OLT Appeal, Urban Design Guidelines",Commercial,Toronto ,10,Emily Reisman,,,,,,,,,,,,,,,,,N/A,Under Concord - Urban Strategies,"still no approval reports from ZBA that was sent in for this project -- can only find projects by the Bentway, but they also don't have any approval reports or anything. Maybe I just need an address that this was filed under at the time? or at least the year the report was discussed."
18088,TRUE,Queen Ashbridge/Don Summerville Revitalization,Context Development Inc.,Real Estate Developers,"(-79.3168033, 43.6656687)",43.6656687,-79.3168033,"1070 Eastern Avenue, Toronto, Ontario","Master Planning, Approvals,  Urban Design",Residential,Toronto ,14,"Benjamin Hoff, Yasmin Afshar",,,,,2020,"OPA, ZBA, Rental Housing Demolition",Complete,766,,220,N/A,N/A,4.41,8.8-10,"10, 17",13422,"OP (830-2020), ZBA (831-2020), ZBA (832-2020), ZBA (76-2023), ZBA (77-2023), 833-2020","1555-1575 Queen Street East – Official Plan and Zoning Amendment, Part Lot Control, and Rental Housing Demolition and Conversion – Final Report","location of report is right next to the address, not sure if this is the correct report but there are no other reports anyways on this site"
18088,TRUE,Queen Ashbridge/Don Summerville Revitalization,Context Development Inc.,Real Estate Developers,"(-79.3184975, 43.6654821)",43.6654821,-79.3184975,1555 Queen Street East,"Master Planning, Approvals,  Urban Design",Residential,Toronto ,14,"Benjamin Hoff, Yasmin Afshar",,,,,2020,"OPA, ZBA, Rental Housing Demolition",Complete,766,,220,N/A,N/A,4.41,8.8-10,"10, 17",13422,"OP (830-2020), ZBA (831-2020), ZBA (832-2020), ZBA (76-2023), ZBA (77-2023), 833-2020","1555-1575 Queen Street East – Official Plan and Zoning Amendment, Part Lot Control, and Rental Housing Demolition and Conversion – Final Report","location of report is right next to the address, not sure if this is the correct report but there are no other reports anyways on this site"
18088,TRUE,Queen Ashbridge/Don Summerville Revitalization,Context Development Inc.,Real Estate Developers,"(-79.3178525, 43.6656125)",43.6656125,-79.3178525,1575 Queen Street East,"Master Planning, Approvals,  Urban Design",Residential,Toronto ,14,"Benjamin Hoff, Yasmin Afshar",,,,,2020,"OPA, ZBA, Rental Housing Demolition",Complete,766,,220,N/A,N/A,4.41,8.8-10,"10, 17",13422,"OP (830-2020), ZBA (831-2020), ZBA (832-2020), ZBA (76-2023), ZBA (77-2023), 833-2020","1555-1575 Queen Street East – Official Plan and Zoning Amendment, Part Lot Control, and Rental Housing Demolition and Conversion – Final Report","location of report is right next to the address, not sure if this is the correct report but there are no other reports anyways on this site"
16085,TRUE,Scarborough Town Centre Master Plan,Oxford Properties Group,Real Estate Developers,"(-79.2570532, 43.7785696)",43.7785696,-79.2570532,"300 Borough Drive, Scarborough, Ontario","Master Planning, Approvals",Commercial,Toronto,21,"Harshitha Damodaran, Samantha Anderson",Craig Lametti,Samantha Anderson,,,2024,OPA ,Complete,15500,N/A,N/A,N/A,N/A,3.6,N/A,65,370004,OP (744-2024),OLT OPA Approval Report,no approval reports for this project only a request for directions from ontario land tribunal in 2024 -- not sure where this has gone ever since
18033,TRUE,Dufferin Mall Redevelopment ,Primaris Management Inc.,Real Estate Developers,"(-79.4349648, 43.6580205)",43.6580205,-79.4349648,"900 Dufferin Street, Toronto, Ontario","Master Planning, Approvals, Engagement",Commercial/Residential,Toronto ,9,"Eric Turcotte, Sirous Ghanbarzadeh, James DiPaolo, Aya Almaddah, Mihaly Szabo",,,,,2021,OPA and ZBA Request for Directions ,Request for Direction,,,,,,6.54,"86.8, 133.4 and 121.1","23, 39 and 35",15612,N/A,900 Dufferin Street - Official Plan Amendment and Zoning By-law Amendment Application - Request for Directions Report,no approval report but they have an amended request for directions whatever that means -- follow up on progress or if the reported information is finalized
17132,TRUE,2200 Eglinton Avenue East,"Dream Asset Management, Dundeal Canada (GP) Inc.",Real Estate Developers,"(-79.2808675, 43.7298366)",43.7298366,-79.2808675,"2200 Eglinton Avenue East, Toronto Ontario","Master Planning, Approvals",Commercial/Residential,Toronto ,21,"Benjamin Hoff, Inger Squires, Peter Pantalone",Benjamin Hoff,Peter Pantalone,,,2022,OPA and ZBA Request for Directions ,Request for Direction,,,,,,,,,,N/A,"2200 to 2206 Eglinton Avenue East, 1020 to 1030 Birchmount Road and 75 Thermos Road - Official Plan Amendment and Zoning By-law Amendment - Request for Directions","no approval, only preliminary report and request for directions and ontario land tribunal report -- still don't know how this is going"
17067,TRUE,SickKids Patient Support Centre,SickKids,Hospital/Medical Facility ,"(-79.3857651, 43.6575252)",43.6575252,-79.3857651,"175 Elizabeth Street, Toronto, Ontario","Master Planning, Approvals",Healthcare,Toronto ,11,"Eric Turcotte, Josh Kohler, Sirous Ghanbarzadeh, Mihaly Szabo",Eric Turcotte,Josh Kohler,,,2018,OPA and ZBA,Complete,N/A,N/A,N/A,46750,N/A,19.6,98.66,22,2293,"ZBA (1302-2018, 1303-2018), OPA (1329-2018)",175 Elizabeth Street - Official Plan and Zoning By-law Amendment Applications – Final Report,nothing extra needed
16034,TRUE,670-690 Progress Avenue (Fieldgate Consilium),Fieldgate Urban,Real Estate Developers,"(-79.2499983, 43.7774148)",43.7774148,-79.2499983,670 Progress Avenue,Development Approvals,Residential/Mixed Use,Toronto,24,"Cyndi Rottenberg-Walker, James DiPaolo",Cyndi Rottenberg-Walker,James Di Paolo,,,2025,OPA and ZBA under review ,Pending,3203,N/A,N/A,N/A,"1,57",5.57,"124.95, 60.1, 111.65, 122.5, 163.3, 59.65, 133.35","40, 18, 37, 39, 54, 18, 43",N/A,OLT-22-003924,670-690 Progress Avenue Report,OLT approved amendments but by-law # N/A
16034,TRUE,670-690 Progress Avenue (Fieldgate Consilium),Fieldgate Urban,Real Estate Developers,"(-79.2487831, 43.7781023)",43.7781023,-79.2487831,690 Progress Avenue,Development Approvals,Residential/Mixed Use,Toronto,24,"Cyndi Rottenberg-Walker, James DiPaolo",Cyndi Rottenberg-Walker,James Di Paolo,,,2025,OPA and ZBA under review ,Pending,3203,N/A,N/A,N/A,"1,57",5.57,"124.95, 60.1, 111.65, 122.5, 163.3, 59.65, 133.35","40, 18, 37, 39, 54, 18, 43",N/A,OLT-22-003924,OLT Approval Decision - 670-690 Progress Ave - fieldgateurban,OLT approved amendments but by-law # N/A
18047,TRUE,West Don Lands Affordable Housing,"DREAM, Tricon Capitol Group, Kilmer Van Nostrand Co. Limited",Real Estate Developers,,#VALUE!,#VALUE!,Central Waterfront and King-Parliament Secondary Plan areas (125 Mill Street),Development Approvals,Residential/Mixed Use,Toronto ,10,Benjamin Hoff,,,,,2020,"OPA and ZBA approved via MZO, Site Plan under review ",Pending,,,,,,,,2 new buildings 45-storey and 32-storey,,,,find site specific infomation
20002,TRUE,East Harbour,Cadillac Fairview (CF),Real Estate Developers,,#VALUE!,#VALUE!,East Harbour area,"Master Planning, Approvals",Brownfield Remediation/Mixed Use,Toronto ,14,"Benjamin Hoff, Geoff Whittaker, Samuel Lozeau, Harshitha Damodaran",Benjamin Hoff,Kenny Lamizana,,,2022,Employment Area Conversion Approved via MZO,Complete,,,,,,,,,,,East Harbour - Cadillac Fairview,find specific address 
16046,TRUE,"505 Richmond Street West, Waterworks","MOD Developments Inc., Woodcliffe Landmark Properties",Real Estate Developers,"(-79.3994334, 43.6471064)",43.6471064,-79.3994334,"505 Richmond Street West, Toronto, Ontario",Development Approvals,Residential/Mixed Use,Toronto ,10,Melanie Hare,,,,,2017,ZBA and Site Plan ,Complete,288,0,0,8000,N/A,6.09,53.5,13,5174,"ZBA (848-2017, 849-2017), MM-ZBA (1459-2017, 1460-2017)","497, 505 and 511 Richmond Street West Zoning Amendment – Final Report",has member-motion-amended ZBA on top of previously approved ZBA and stuff
13049,TRUE,Bloor & Bathurst (Honest Ed's),Westbank ,Real Estate Developers,"(-79.4120596, 43.6646854)",43.6646854,-79.4120596,"581 Bloor Street West, Toronto, Ontario","Development Approvals, TOD",Commercial/Residential,Toronto ,10,"Frank Lewinberg, Benjamin Hoff, Josh Kohler",,,,,2017,OPA and ZBA,Complete,806,7.44,60,N/A,N/A,5.33,"85, 82, 77,  61, and 47","5 new buildings 26, 25, 24, 19 and 13 storeys",14172,"OPA (1104-2017), ZBA (1105-2017, 1106-2017)",Honest Ed’s and Mirvish Village,done?
10079,TRUE,Sterling Road Redevelopment ,"Castlepoint Greybrook Sterling Inc., Hines",Real Estate Developers,"(-79.4452017, 43.6546126)",43.6546126,-79.4452017,"158 Sterling Road, Toronto, Ontario",Development Approvals,Commercial/Residential,Toronto,9,Emily Reisman,,,,,2025,OPA and ZBA,Complete,737,1.09,8,1500,1250,8.57 and 6.06,99,31,4774,"OPA (469-2025), ZBA (470-2025)","158 Sterling Road (Blocks 5B, 5C and 5D) and 190 Sterling Road (Block 3B) – Official Plan and Zoning By-law Amendment Applications – Decision Report – Approval",done?
14004,TRUE,Celestica Development Proposal,Celestica,"Private-sector, Industrial/Corporate","(-79.3407175, 43.7232253)",43.7232253,-79.3407175,"844 Don Mills Road, Toronto, Ontario","Master Planning, Development Approvals ",Commercial/Residential,Toronto ,16,,,,,,2018-2022,"OPA under review, ZBA approved",Pending,4921,N/A,N/A,N/A,N/A,2.31,147,48,244240,ZBA (1214-2019 (LPAT)),Celestica - Current Development Applications ,Project details unclear. Client has changed as Celestica sold development. 
15066,TRUE,Galleria Mall Redevelopment,"Freed Deveopments, Almadev. ",Real Estate Developers,"(-79.4410701, 43.6677361)",43.6677361,-79.4410701,"1245 Dupont Street, Toronto, Ontario","Master Planning, Development Approvals ",Commercial/Residential/Mixed Use,Toronto ,9,"Melanie Hare, Christine Fang-Denissov, Sirous Ghanbar Zadeh, Aya Almaddah, Sean Quin",Melanie Hare,Kenny Lamizana,,,2019 and ongoing ,"OPA and ZBA, Site Plan subject to NOAC (Notice of Approval Conditions Issued)",Pending,,,,,,,,31,,OLT-24-000440,"1245 and 1285 Dupont Street, 1260 Dufferin Street, and 213 Emerson Avenue – Ontario Land Tribunal Hearing – Request for Directions","nothing as of late, there are no apporved bylaws"
10042,TRUE,Yorkdale Shopping Centre,Oxford Properties,Real Estate Developers,"(-79.4529083, 43.7254565)",43.7254565,-79.4529083,"3401 Dufferin Street, Toronto, Ontario",Development Approvals,Commericial ,Toronto ,8,"Frank Lewinberg, Michel Trocme, Mary Castel, Aya Almaddah, Ning Lin, Desi Simova",Josh Neubauer,Desi Simova,,,2023,OPA/Secondary Plan,Request for Direction,,,,,,,,,,OLT-22-003315,3401 Dufferin Street and 1 Yorkdale Road – Official Plan Amendment and Dufferin Street Secondary Plan – Ontario Land Tribunal Hearing – Request for Directions,"went to OLT, but no bylaws came out of this"
9016,TRUE,CIBC Square,"Ivanhoe Cambridge, Metrolinx, Hines","Real Estate Developers, Crown Agency","(-79.3774342, 43.6450184)",43.6450184,-79.3774342,81-141 Bay Street,"Master Planning, Development Approvals ",Commericial ,Toronto,10,"Frank Lewinberg, Benjamin Hoff, Inger Squires",,,,,2016,ZBA,Complete,N/A,N/A,N/A,N/A,N/A,6,243,53,22520,1104-2016,141 Bay St – Zoning Amendment – Final Report,hopefully this is the correct approval document -- theres another one for 1 front street west and 141 bay (development on top of dominion building) that got a refusal
9034,TRUE,Alexandra Park Revitalization,"Toronto Community Housing Corporation, Tridel","Real Estate Developers, City Corporation","(-79.4001077, 43.6521783)",43.6521783,-79.4001077,"571 Dundas Street West, Toronto, Ontario","Master Planning, Development Approvals, Consultation and Engagement ",Residential,Toronto,10,"Christine Fang-Denissov, Cyndi Rottenberg-Walker, Michel Trocme, Dennis Lago, Harshitha Damodaran, Sean Quin",Christine Fang Denissov,Grant Mason?,,,2020,OPA and ZBA,Complete,,0,0,4100,N/A,3.04,48.5 and 46.5,15 and 14,59400,"OPA (839-2020, 840-2020), ZBA (841-2020, 842-2020)","Alexandra Park and Atkinson Housing Co-operative Revitalization - 571 Dundas Street West, 91 Augusta Avenue, and 73-75 Augusta Square - Official Plan Amendment, Zoning By-law Amendment, Rental Housing Demolition and Conversion – Phase 2 – Final Report","total number of residential units not mentioned, but they are replacing the 77 social housing units with at least 410 units -- not sure if that's the total amount"
18117,TRUE,Reina (689 The Queensway),Reina Developments Inc.,Real Estate Developers,"(-79.4999789, 43.6267155)",43.6267155,-79.4999789,"689 The Queensway, Toronto, Ontario","Approvals, Engagement",Commericial/Residential,Toronto ,3,Emily Reisman,,,,,2020,ZBA,Complete,198,0,0,N/A,500,4.25,30.95,9,4033,680-2021,689 The Queensway - Zoning By-law Amendment Application - Final Report,done !!
19012,TRUE,Allied 41 Fraser Development Approvals,Allied Real Estate Investment Trust,Real Estate Developers,"(-79.4235240, 43.6369546)",43.6369546,-79.4235240,"41 Fraser Avenue, Toronto, Ontario",Development Approvals,Office/Commercial,Toronto ,10,,,,,,2023,ZBA,Complete,,,,,,5.97,"50.33, 55.36","10, 11",7915,453-2023 (HEA),"39-53 Fraser Avenue, 8-42 Pardee Avenue and 135 Liberty Street - Zoning By-law Amendment Application – Decision Report - Approval","only has heritage easement agreement from 2023, nothing after"
19067,TRUE,Gerrard-Carlaw North TOC,Choice Properties Limited Partnership,Real Estate Developers,,#VALUE!,#VALUE!,???,"Master Planning, Development Approvals",,Toronto ,14,Inger Squires,Inger Squires,Inger Squires,,,2022,OPA and ZBA,???,,,,,,,,,,883-2024,Agenda Item History - 2023.PH8.5,"not too sure if this is the correct by-law, but i'm assuming it applies to the gerrard-carlaw area -- this ZBA has been approved so I'll include what I can from it"
20016,TRUE,CF Sherway Gardens Mall Intensification,Cadillac Fairview (CF),Real Estate Developers,"(-79.5571424, 43.6118216)",43.6118216,-79.5571424,"25 The West Mall, Etobicoke, Ontario","Master Planning, Approvals",Residential/Mixed Use,Toronto ,3,"Eric Turcotte, Leigh McGrath, Mihaly Szabo, Peter Pantalone",Leigh McGrath,Peter Pantalone,,,2019,OPA/Secondary Plan,Complete,,,,,,,,,,1535-2019,Sherway Area Secondary Plan - City-initiated Official Plan Amendment and 25 The West Mall (Sherway Gardens Mall) - Official Plan Amendment Application – Ontario Land Tribunal Hearings – Request for Directions,"OPA is the secondary plan for the sherway areafrom 2019, ZBA not approved yet -- OLT case number OLT-22-002175"
21036,TRUE,Scarborough Health Network Centenary Hospital,Kasian Architecture,Design Firm,"(-79.2051908, 43.7801304)",43.7801304,-79.2051908,"2863 Ellesmere Road, Scarborough, Ontario",Development Aprovals,Healthcare,Toronto ,21,"Eric Turcotte, Josh Kohler",Eric Turcotte,Josh Kohler,,,,,,,,,,,,,,,,,figure out what the specific development approvals are for!
21066,TRUE,50-64 Merton Street,50-64 Merton Limited,Private Developer,"(-79.3945757, 43.6967895)",43.6967895,-79.3945757,50 Merton Street,"Development Approvals, Planning Analysis, OLT Appeal",Mixed Use,Toronto ,12,"George Dark, Leigh McGrath, Peter Pantalone",Leigh McGrath,Peter Pantalone,,,2025,OPA and ZBA Interim Approval,Pending,603,,,,,13.41,157,45,2689,,OLT Appeal Decision,
21078,TRUE,2955 Bloor Street West Riocan,RioCan Real Estate Investment Trust,Real Estate Developers,"(-79.5073709, 43.6479739)",43.6479739,-79.5073709,"2939 Bloor Street West, Toronto, Ontario","Development Approvals, Planning Analysis",Mixed Use,Toronto ,3,"Leigh McGrath, Lena Sanz Tovar",,,,,2022/Pending,ZBA Interim  Approval,Pending,225,0,0,,,4.92,27,7,3176,,2939-2943 Bloor Street West - Zoning By-law Amendment Application - Request for Direction Report,"no news? request for directions was from 3 years ago, no OLT or anything"
23007,TRUE,Woodbine Northwest Residential Village/Woodbine Transit-Oriented Community Secondary Plan,Woodbine Entertainment Group,Entertainment Agency/Private Developer,,#VALUE!,#VALUE!,Woodbine area,"Development Approva, Master Planning, New Community Plan, Urban Design Guidelines",,Toronto ,1,"Christine Fang-Denissov, Michel Trocme, Josh Kohler, CK?",Leigh McGrath,Corals Zheng,,,N/A,N/A,N/A,N/A,N/A,N/A,N/A,N/A,N/A,N/A,N/A,N/A,N/A,Woodbine TOC Secondary Plan - City Council Agenda Item,
23075,TRUE,Allied King Spadina Development Approvals & OLT Appeals,Allied Properties Management LP,Real Estate Developers,??,#VALUE!,#VALUE!,??,"Consultation and Engagement, Development Approval, OTL Appeal, Planning Analysis",,Toronto ,,"Benjamin Hoff, Josh Kohler, DG?",Benjamin Hoff,Josh Kohler,,,,,,,,,,,,,,,112-2020,King-Spadina Secondary Plan Update – Final Report,what are the addresses associated with this project? I can only find secondary plan amendments but not a specific address for this project
18000-5,TRUE,Downsview Taxiway West/Hangar District,Downsview Metro Devco Inc. (o/a Northcrest Developments),Real Estate Developers,"(-79.4727380, 43.7370430)",43.7370430,-79.4727380,"123 Garratt Boulevard, Toronto, Ontario",Master Planning ,Mixed Use,Toronto,6,"Emily Reisman, Lauren Haein An, JM?",Emily Reisman,Lauren Haein An,,,2025,ZBA,Complete,2957,,,N/A,13146,,,,,842-2025,backgroundfile-256438.pdf,10% of residential gfa as affordable housing -- how to calculate for data in terms of units?
